grapherId,slug,chartType,md5,svgFilename,durationReceiveData,durationTotal,heapUsed,totalDataFileSize
6889,people-living-in-countries-marriage-ban-same-sex-partners,StackedArea,dc2ab1c5600ba4caee1541580a37f1be,people-living-in-countries-marriage-ban-same-sex-partners_v29_850x600.svg,25,434,74731464,23593
2243,number-of-people-with-cancer-by-age,StackedArea,2952c318589b0a9c566d221c46025d2b,number-of-people-with-cancer-by-age_v12_850x600.svg,758,1016,94846536,1218498
5066,covid-variants-area,StackedArea,4dec21eb74ed9e31cd911ed92e15ebdc,covid-variants-area_v811_850x600.svg,1263,1836,118366928,1993535
5608,countries-democracies-autocracies-row,StackedArea,49d39076eb077ea4e820d592970b9530,countries-democracies-autocracies-row_v34_850x600.svg,405,852,82222904,171992
300,literate-and-illiterate-world-population,StackedArea,deb89ad38364d7b24e325c3c961de4f9,literate-and-illiterate-world-population_v10_850x600.svg,88,400,78080088,44341
569,installed-global-renewable-energy-capacity-by-technology,StackedArea,4ab86e5869194c56e60bce4550cb55fd,installed-global-renewable-energy-capacity-by-technology_v8_850x600.svg,97,389,73783072,15609
92,united-nations-peacekeeping-forces,StackedArea,cfa34ec4f7489d9407d2c1e8a2735687,united-nations-peacekeeping-forces_v12_850x600.svg,108,417,74789112,6332
5854,cumulative-exoplanets-by-method,StackedArea,ee51fcb6c7700ea9827149341a891efd,cumulative-exoplanets-by-method_v30_850x600.svg,6,115,82216440,3660
2616,alcohol-consumption-per-person-us,StackedArea,29517e2b7335bff97818e6e4a228403a,alcohol-consumption-per-person-us_v6_850x600.svg,26,178,74672912,8016
6048,distribution-of-population-poverty-thresholds-2011-ppp,StackedArea,d608f6cd0a4b17cceeb89ce7044b3ff9,distribution-of-population-poverty-thresholds-2011-ppp_v45_850x600.svg,425,596,89599136,369607
3398,child-deaths-by-life-stage,StackedArea,9a557c8bbf44b6346b54ae6d13d3fcb4,child-deaths-by-life-stage_v10_850x600.svg,817,852,98145912,912658
3763,deaths-attributed-to-alcohol-use-by-age,StackedArea,94923eb15f5c8e49c743f0f5b0a3807f,deaths-attributed-to-alcohol-use-by-age_v14_850x600.svg,618,706,99373472,956234
1808,secondhand-smoke-deaths-by-age,StackedArea,f94e1e6a98c571908b7c1135a46c0dcc,secondhand-smoke-deaths-by-age_v16_850x600.svg,724,834,97642552,1151856
1696,number-of-deaths-by-age-group,StackedArea,4d775afb5af4cd78be8aea44e780d1e4,number-of-deaths-by-age-group_v24_850x600.svg,741,786,98870656,993816
3338,population-young-working-elderly,StackedArea,259590f99d78f58e06b7a3ab9e0b13e5,population-young-working-elderly_v27_850x600.svg,989,1156,107276904,1698971
5699,people-living-in-democracies-autocracies-amb-row,StackedArea,2e66dfca8433fbe5b6fc3ca5c8640e0f,people-living-in-democracies-autocracies-amb-row_v53_850x600.svg,506,812,106955408,500849
1239,out-of-school-children-of-primary-school-age-by-world-region,StackedArea,76b4516ac43b58d923a2b771d9cb5646,out-of-school-children-of-primary-school-age-by-world-region_v17_850x600.svg,25,169,95711176,155823
1837,parents-who-agree-with-spanking-to-discipline-a-child,StackedArea,72069afaa6a2908ebb45fb676b664dce,parents-who-agree-with-spanking-to-discipline-a-child_v5_850x600.svg,6,160,97129104,2682
6672,people-marriage-same-sex-partners,StackedArea,2eb61268460b1db9ce8f43d34204dcd5,people-marriage-same-sex-partners_v25_850x600.svg,9,39,96418000,22301
1830,tuberculosis-deaths-by-age,StackedArea,00007b2aea373d489bf1f1cff2b163c1,tuberculosis-deaths-by-age_v16_850x600.svg,879,925,112893128,931882
5451,people-living-in-democracies-autocracies,StackedArea,3e357d5ba8df494ff3edb6aff1e8f029,people-living-in-democracies-autocracies_v47_850x600.svg,117,321,105860440,241967
6449,contribution-to-temp-rise-by-gas,StackedArea,6ede0302112ab30412981672ac72e25c,contribution-to-temp-rise-by-gas_v5_850x600.svg,2326,3304,126658080,4294801
398,share-of-the-world-population-with-at-least-basic-education,StackedArea,65df657f200e18f7f7892f9ec682dc61,share-of-the-world-population-with-at-least-basic-education_v10_850x600.svg,147,261,109170040,167077
2819,urban-and-rural-populations-in-the-united-states,StackedArea,7344851a3cf118efa50fdcd6144febd3,urban-and-rural-populations-in-the-united-states_v3_850x600.svg,4,103,102955344,1575
6816,monthly-co2-emissions-from-international-and-domestic-flights,StackedArea,31d5d395e3e6fbc47a62ff94d93e72e1,monthly-co2-emissions-from-international-and-domestic-flights_v26_850x600.svg,570,713,81247464,509778
330,government-revenues-national-income,StackedArea,3156b872feae884e3bb3d0e58fe2346e,government-revenues-national-income_v3_850x600.svg,4,109,112042712,1459
592,shares-of-gdp-by-economic-sector,StackedArea,79504a8f856fd61d335d374708e7f7d3,shares-of-gdp-by-economic-sector_v14_850x600.svg,477,602,77833304,115375
6244,employer-new-artificial-intelligence-phds-stacked-area,StackedArea,f52b50bc43b33fc794b7ccfc08423f70,employer-new-artificial-intelligence-phds-stacked-area_v39_850x600.svg,53,177,68193912,1120
56,total-number-of-people-aged-15-with-no-education-in-millions-by-continent-1970-2050,StackedArea,b21ab7173a8e3a3c1967ca0dd9e7eeb8,total-number-of-people-aged-15-with-no-education-in-millions-by-continent-1970-2050_v4_850x600.svg,5,164,67441800,3714
6412,countries-with-woman-head-of-government,StackedArea,11f9a0f3b9ab62e9750e0c9b32633566,countries-with-woman-head-of-government_v40_850x600.svg,295,422,98785944,86615
595,employment-by-economic-sector,StackedArea,e137de39c504fd8069af940e4f7fc967,employment-by-economic-sector_v7_850x600.svg,506,640,77596104,348706
1402,solar-energy-consumption-by-region,StackedArea,e91f93c9e89ad15ec94da91aeac016c4,solar-energy-consumption-by-region_v16_850x600.svg,157,240,70072656,136955
6415,people-living-in-countries-with-woman-head-of-government,StackedArea,b35cae0102566558263f90981d63e40d,people-living-in-countries-with-woman-head-of-government_v49_850x600.svg,385,530,81577592,145627
5600,the-number-of-active-state-based-conflicts,StackedArea,f591597fce419b80eaaa858e9854fe9d,the-number-of-active-state-based-conflicts_v17_850x600.svg,15,135,73303888,48681
3363,distribution-of-population-poverty-thresholds,StackedArea,010c36987810d645739e73b7074f97f2,distribution-of-population-poverty-thresholds_v47_850x600.svg,384,526,85943976,369589
1296,annual-number-of-births-by-world-region,StackedArea,c8f5f9607745c0dca089589b14af8d51,annual-number-of-births-by-world-region_v17_850x600.svg,186,312,87285360,551940
2289,number-of-people-infected-with-hiv-by-region,StackedArea,d3ba7fb99c2be454ab225ea15927cb6a,number-of-people-infected-with-hiv-by-region_v20_850x600.svg,59,164,104435776,227011
2887,cumulative-global-plastics,StackedArea,1be2b0ab1fd79f2a7fad082e73d32f6d,cumulative-global-plastics_v3_850x600.svg,3,57,79762312,2057
6888,countries-marriage-ban-same-sex-partners,StackedArea,2bbbf7d033c93325c9f3de35b44cea95,countries-marriage-ban-same-sex-partners_v26_850x600.svg,7,68,74292056,18809
2216,burden-of-disease-from-injuries-by-age,StackedArea,5c431ee87ce733bbfcbb605951233b87,burden-of-disease-from-injuries-by-age_v14_850x600.svg,639,711,117481872,1118109
3754,child-deaths-from-streptococcus-by-disease,StackedArea,729de2273323ec5febfa9d925a29235b,child-deaths-from-streptococcus-by-disease_v11_850x600.svg,450,538,82994424,249093
4318,electricity-prod-source-stacked,StackedArea,12274c1f0364291530320d4d250b72bc,electricity-prod-source-stacked_v40_850x600.svg,1994,2148,117011480,1790172
2211,disease-burden-from-ncds-by-age,StackedArea,083583aa7d3054594f438e45da3cad80,disease-burden-from-ncds-by-age_v14_850x600.svg,609,689,96752048,1145098
1807,smoking-and-secondhand-deaths,StackedArea,528200adc3cb7839c1a8cbc925f7fdf1,smoking-and-secondhand-deaths_v18_850x600.svg,277,364,82753240,458289
4316,elec-fossil-nuclear-renewables,StackedArea,95a3a3db338ddeeec901fac2341544e5,elec-fossil-nuclear-renewables_v32_850x600.svg,632,741,106599528,670249
1456,annual-deaths-from-outdoor-air-pollution-by-region,StackedArea,17e14db085bdc30e3457f53e7f0939f2,annual-deaths-from-outdoor-air-pollution-by-region_v18_850x600.svg,67,113,86269032,229121
397,global-child-mortality-timeseries,StackedArea,0b146618da273b583b00f71504adf9c1,global-child-mortality-timeseries_v9_850x600.svg,82,159,91002992,3949
5801,countries-long-standing-democracies-polity,StackedArea,7061a0ea1a0b224af5574a3419ec3bae,countries-long-standing-democracies-polity_v48_850x600.svg,142,217,95049216,268042
535,CO2-by-source,StackedArea,260364deb525bdedf2693957c4b72c86,CO2-by-source_v33_850x600.svg,3540,3752,181340624,3683266
1809,smoking-deaths-by-age,StackedArea,e1e717d9bede08c8b76b34ce4b05c95c,smoking-deaths-by-age_v18_850x600.svg,1537,1695,103585408,687370
2449,number-with-mental-health-disorders-by-sex,StackedArea,3a6d0146c6c7b5249a7449fac619dce0,number-with-mental-health-disorders-by-sex_v17_850x600.svg,1119,1293,93418728,456570
6479,child-deaths-from-malaria-ihme,StackedArea,e1cb3834c9b139f45bc4fceb6e859efb,child-deaths-from-malaria-ihme_v3_850x600.svg,24,58,88742184,183251
3339,population-by-age-group,StackedArea,fe9059ebe4ce1d788a372d18704cedb9,population-by-age-group_v25_850x600.svg,2198,2388,135002624,2818373
1944,number-of-severely-food-insecure-people-by-region,StackedArea,fd788a5d5c87f5cec8c93c4c9e597153,number-of-severely-food-insecure-people-by-region_v11_850x600.svg,706,988,104168352,8561
216,global-malaria-deaths-by-world-region,StackedArea,5c4c2b46bf51c1ba7f82dc288e253f41,global-malaria-deaths-by-world-region_v25_850x600.svg,218,348,134424456,3699
2352,global-meat-projections-to-2050,StackedArea,49fdeb24f6216a61be025de95ed632e0,global-meat-projections-to-2050_v10_850x600.svg,7,187,102906624,9174
3628,infant-deaths,StackedArea,138d9c0a86aecf27bdbcec4cf14b48e1,infant-deaths_v13_850x600.svg,719,803,106880056,687950
4432,global-energy-substitution,StackedArea,713d888752d52ff1e22e64c9c21c2d37,global-energy-substitution_v15_850x600.svg,441,520,115373288,24249
3273,coal-by-end-user-uk,StackedArea,cbc1a419c9a2c33320a8aa6c91e9af0a,coal-by-end-user-uk_v4_850x600.svg,9,231,103973448,17843
6701,people-joint-adoptions-same-sex-partners-legal,StackedArea,568a7a735d89db143c13bf6b4bb10a96,people-joint-adoptions-same-sex-partners-legal_v30_850x600.svg,8,65,131357816,22391
3048,extreme-poverty-fragile-states,StackedArea,6664318e30196d88d37720c4d5f3ff90,extreme-poverty-fragile-states_v4_850x600.svg,12,176,103375728,101509
1718,dementia-related-deaths-by-age,StackedArea,0a55efecbd9c9a72da05359573c5628d,dementia-related-deaths-by-age_v17_850x600.svg,552,744,115522688,558692
6991,terrorism-attacks-by-severity,StackedArea,d58f1fb97e8b0595b84f9d4a994e954e,terrorism-attacks-by-severity_v17_850x600.svg,1395,1521,163472800,1899154
5717,countries-democracies-nondemocracies-fh,StackedArea,0870eb1a87b6b163ff1c6c522aeada41,countries-democracies-nondemocracies-fh_v45_850x600.svg,5,31,110468608,6864
3818,deaths-from-meningitis-by-age,StackedArea,f17dc6f8732cf1649f51e41a04da46e5,deaths-from-meningitis-by-age_v13_850x600.svg,757,964,121815744,921096
5929,share-of-population-living-in-extreme-poverty-cost-of-basic-needs,StackedArea,82973c28b010a86f393b387501495d86,share-of-population-living-in-extreme-poverty-cost-of-basic-needs_v15_850x600.svg,34,136,116643648,124145
3827,deaths-from-rabies-by-age,StackedArea,0501acff5c59e00a2d43f0d484c93fa7,deaths-from-rabies-by-age_v11_850x600.svg,1013,1074,136216752,893665
6307,child-deaths-by-world-region-un-data,StackedArea,eb092b34a291524c7996099df533238a,child-deaths-by-world-region-un-data_v6_850x600.svg,450,515,117775240,520010
3820,deaths-from-syphilis-by-age,StackedArea,2cec817efc5f181fed667bc67e33d51c,deaths-from-syphilis-by-age_v12_850x600.svg,537,643,137198080,896211
2133,number-with-alcohol-disorders-by-region,StackedArea,ba9ca36ccb38de50069b8a5591dac9fc,number-with-alcohol-disorders-by-region_v19_850x600.svg,374,439,140757216,228705
5316,fish-catch-gear-type,StackedArea,7703fd24754d50d4e0bc7bf615291d9c,fish-catch-gear-type_v7_850x600.svg,1230,1281,136322440,2183138
5772,countries-long-standing-polyarchies-lexical,StackedArea,31d8f0faf0cb4a314ce6ee11d0cf302d,countries-long-standing-polyarchies-lexical_v46_850x600.svg,610,748,132795512,470953
5786,free-countries-fh,StackedArea,4745920f49bff5cea10ed50ff46b2001,free-countries-fh_v49_850x600.svg,10,116,135981088,27967
3829,deaths-from-diabetes-by-age,StackedArea,9999f4ba14dde786376a13b2046a483c,deaths-from-diabetes-by-age_v14_850x600.svg,458,494,148623720,930951
5329,new-vehicles-type-area,StackedArea,63563f64ad485391a9833d0eb0f701c5,new-vehicles-type-area_v6_850x600.svg,37,135,136191320,45229
5927,distribution-of-population-between-different-poverty-thresholds-historical,StackedArea,e1ab4054796d0b96139c7e5a4b1e746f,distribution-of-population-between-different-poverty-thresholds-historical_v12_850x600.svg,133,277,144855560,302211
3816,deaths-from-drug-use-disorders-by-age,StackedArea,204e742fdb04f1c8cd196ebc5b05fa27,deaths-from-drug-use-disorders-by-age_v28_850x600.svg,582,635,154037248,899320
5140,fish-landings-and-discards,StackedArea,f4b55ba3294b69b0ca08a0e0ec26dc42,fish-landings-and-discards_v5_850x600.svg,589,725,180946080,950619
4862,gdp-world-regions-stacked-area,StackedArea,9763a2442b910c91dbaae4a6f20da618,gdp-world-regions-stacked-area_v23_850x600.svg,62,211,155232208,544635
6399,countries-with-universal-right-to-vote-lexical,StackedArea,4843865ca12911446bd8a2ac703bca07,countries-with-universal-right-to-vote-lexical_v20_850x600.svg,272,333,140587528,129561
6997,terrorism-deaths-by-region,StackedArea,2b76b8150aef6ea3781551a3c2aa75d9,terrorism-deaths-by-region_v27_850x600.svg,71,203,157703840,274039
4095,cumulative-covid-cases-region,StackedArea,246163cfcb4986463ad564e20ea826fe,cumulative-covid-cases-region_v3092_850x600.svg,2678,3647,169259144,8916416
1728,drowning-deaths-by-age-group,StackedArea,7980c76fe756377d896044ec1108f7fd,drowning-deaths-by-age-group_v17_850x600.svg,364,401,160202912,923067
3629,child-deaths-by-age,StackedArea,ddda5c92c740020d3694d35df82d7883,child-deaths-by-age_v20_850x600.svg,379,473,165511464,917215
5718,people-living-in-democracies-nondemocracies-fh,StackedArea,3f0c5a64bcc1f09c7a57b1fe026839ef,people-living-in-democracies-nondemocracies-fh_v52_850x600.svg,150,237,134079288,12658
6700,people-age-of-consent-same-sex-partners-equal,StackedArea,b52afa8afae6aa72e8550fc9266ba3d6,people-age-of-consent-same-sex-partners-equal_v28_850x600.svg,6,31,136092400,23932
673,number-of-people-in-the-world-with-and-without-access-to-improved-water-sources,StackedArea,0d69e00b1747e752b815337bf892315d,number-of-people-in-the-world-with-and-without-access-to-improved-water-sources_v3_850x600.svg,172,213,163654176,1945
2398,number-with-developmental-intellectual-disability,StackedArea,63e98e84bdf9ca834b07487ffdc85b52,number-with-developmental-intellectual-disability_v16_850x600.svg,212,308,144403056,457187
5720,people-living-in-free-countries-fh,StackedArea,570941f5fb38cb9fdd1d93a41181a624,people-living-in-free-countries-fh_v53_850x600.svg,124,206,181097208,46291
1744,homicide-deaths-by-age,StackedArea,63c36e9f7fd4c6b428354e2880f04531,homicide-deaths-by-age_v22_850x600.svg,356,453,180543528,921556
4655,drivers-forest-loss-brazil-amazon,StackedArea,d23bc2673b65b699cf77a693e6f3d525,drivers-forest-loss-brazil-amazon_v5_850x600.svg,8,62,146214352,4709
3828,deaths-from-yellow-fever-by-age,StackedArea,6828076a0f504c94a2b2eed3f8c55950,deaths-from-yellow-fever-by-age_v12_850x600.svg,559,662,175001792,889457
3226,cumulative-co2-emissions-region,StackedArea,97e4ae50aca07410f81951ae5b5fb76f,cumulative-co2-emissions-region_v32_850x600.svg,179,511,153894448,941390
2132,number-with-alcohol-use-disorders,StackedArea,d2403ca8d9743834917b255a55590d71,number-with-alcohol-use-disorders_v16_850x600.svg,621,709,194192728,457604
3817,deaths-from-indoor-air-pollution-by-age,StackedArea,feb010b78e2000818040c41901e584c9,deaths-from-indoor-air-pollution-by-age_v12_850x600.svg,554,615,167334152,1162851
1788,number-of-under-five-deaths-by-region,StackedArea,68516783ebf8a10391fe47a294ac6097,number-of-under-five-deaths-by-region_v17_850x600.svg,249,303,171337456,307817
3821,deaths-from-measles-by-age,StackedArea,2e25a90731708245e2bd2cece4cb218e,deaths-from-measles-by-age_v12_850x600.svg,499,557,200463024,723248
5928,share-of-population-living-in-extreme-poverty-historical,StackedArea,c8476a0f41529e1aae03c1f046d613c2,share-of-population-living-in-extreme-poverty-historical_v15_850x600.svg,38,217,161507096,123933
1786,number-of-maternal-deaths-by-region,StackedArea,ff6ec65b3423e494ffa81bbbb43f212b,number-of-maternal-deaths-by-region_v11_850x600.svg,13,100,155591656,97960
2755,number-of-children-dying-from-diarrheal-diseases,map,d25e02994b9f2a0425e4aaa8238f0998,number-of-children-dying-from-diarrheal-diseases_v28_850x600.svg,124,544,174864144,188559
3819,deaths-from-encephalitis-by-age,StackedArea,3d3fdac2da1e04e934cbd02bb3ba5ac5,deaths-from-encephalitis-by-age_v12_850x600.svg,531,588,197358208,906030
3826,deaths-from-acute-hepatitis-by-cause,StackedArea,b9b544c6976d22031b5c092ef631f6dd,deaths-from-acute-hepatitis-by-cause_v15_850x600.svg,417,446,177664944,724277
401,population-regions-with-projections,StackedArea,84bd8e6cf5766b418db68d52c0c52827,population-regions-with-projections_v56_850x600.svg,629,734,186057056,2447904
4813,food-emissions-life-cycle,StackedArea,2061ccc6aec19fe1d94081029cb47b52,food-emissions-life-cycle_v11_850x600.svg,195,241,195668496,32832
1101,grazing-land-use-over-the-long-term,StackedArea,90d843c8e9fd4c04e2f17618882d42c9,grazing-land-use-over-the-long-term_v6_850x600.svg,4,61,204235648,33462
2126,number-suffering-from-depression-by-region,StackedArea,efcb98d5970945e2108f406abe6b7ff5,number-suffering-from-depression-by-region_v32_850x600.svg,19,175,208657344,228444
5767,countries-democracies-autocracies-lexical,StackedArea,e39e9658bf3a86688fd94cf2f00968ec,countries-democracies-autocracies-lexical_v41_850x600.svg,571,695,207764360,342971
266,us-education-expenditure-as-share-of-gdp-public-and-private-institutions,StackedArea,12b8451fb5bdfa41b59e69167b815816,us-education-expenditure-as-share-of-gdp-public-and-private-institutions_v7_850x600.svg,4,66,175679304,3272
2587,non-state-and-state-based-violent-conflicts-since-1989,StackedArea,66331c9519c6f093776e257905b8cd9f,non-state-and-state-based-violent-conflicts-since-1989_v18_850x600.svg,3,115,183268648,14165
2371,drinking-water-services-coverage-rural,StackedArea,3ae123cccaeb33deef33fed7111b046d,drinking-water-services-coverage-rural_v3_850x600.svg,151,183,208544272,375527
1356,coal-consumption-by-region,StackedArea,2d9c536af79ea29ae016477c7eef399d,coal-consumption-by-region_v20_850x600.svg,29,100,178997896,181060
2940,projected-population-under-age-5,StackedArea,3ebc271ab0357939ef974ed962dc02c5,projected-population-under-age-5_v24_850x600.svg,95,220,188594648,616467
1735,road-deaths-by-type,StackedArea,c99f0ce794b064a7503ad129966e16da,road-deaths-by-type_v14_850x600.svg,550,590,212731248,937541
2382,number-with-autistic-spectrum-disorder,StackedArea,188cf69ced59ac84ada1e025da88f54c,number-with-autistic-spectrum-disorder_v9_850x600.svg,282,402,184547664,457987
2712,global-primary-energy,StackedArea,d7757ae9d9ebe932f3c2c3a1b03f4aed,global-primary-energy_v20_850x600.svg,33,127,210066760,24194
5705,people-living-in-democracies-nondemocracies-womsuffr-bmr,StackedArea,f195a57c29aa10b72abe60f437a460ba,people-living-in-democracies-nondemocracies-womsuffr-bmr_v50_850x600.svg,54,194,180059024,146944
4876,distribution-of-population-between-different-poverty-thresholds-up-to-30-dollars,StackedArea,2feec7fb4b0a06b03f4ff829dec8b579,distribution-of-population-between-different-poverty-thresholds-up-to-30-dollars_v34_850x600.svg,521,819,214437776,657924
232,world-population-level-education,StackedArea,5abf424916349b0ce99d387038946979,world-population-level-education_v22_850x600.svg,996,1174,190198928,1297622
7090,hepatitis-c-number-of-deaths,map,55a47a355d7a6bff7dfbe0f459200bad,hepatitis-c-number-of-deaths_v6_850x600.svg,142,802,196331264,229204
6142,people-living-countries-legalized-sex-marriage,StackedArea,96edf6c1b9ce443ea51b857cffd3ad07,people-living-countries-legalized-sex-marriage_v22_850x600.svg,277,376,214419672,1702
6526,deaths-opioid-overdoses-by-sex,StackedArea,93807898cc2aa3ab1fa7ece8aa83a832,deaths-opioid-overdoses-by-sex_v13_850x600.svg,248,270,194381624,223250
1531,global-freshwater-use-over-the-long-run,StackedArea,50398e2eb5b825fcc792a8e95e5f8708,global-freshwater-use-over-the-long-run_v2_850x600.svg,3,26,209323840,17067
5357,people-without-clean-cooking-fuels-region,StackedArea,8a034b6e3aceac026dbd2b7cb7507547,people-without-clean-cooking-fuels-region_v4_850x600.svg,204,251,210439032,132357
6519,deaths-from-substance-use-disorders-who,StackedArea,4369e22656b4ab5154839b839f32e58b,deaths-from-substance-use-disorders-who_v34_850x600.svg,780,946,73192312,227195
1358,natural-gas-consumption-by-region,StackedArea,eff6c08986bf86b311cd61f437fe2d09,natural-gas-consumption-by-region_v20_850x600.svg,202,345,214634344,173261
3261,aviation-fatalities-by-flight-phase,StackedArea,daceb8fb6b8d83d36b42b6b7f6e093f8,aviation-fatalities-by-flight-phase_v2_850x600.svg,11,55,213456008,10817
1360,oil-production-by-region,StackedArea,829602bfd8c0dc124eefa53380c423b9,oil-production-by-region_v17_850x600.svg,310,481,68520752,130921
2378,sanitation-facilities-coverage,StackedArea,4fc8ce464f7552e30323d58df752e2d0,sanitation-facilities-coverage_v3_850x600.svg,359,609,218821048,488569
5961,number-of-people-living-in-extreme-poverty-by-region-190,StackedArea,3736fd9e7d927dfec83f20285cb24dc6,number-of-people-living-in-extreme-poverty-by-region-190_v20_850x600.svg,8,181,205881984,61781
6348,share-energy-source-sub-stacked,StackedArea,49f62b358d6ab6853f802a61a07c4c73,share-energy-source-sub-stacked_v28_850x600.svg,1454,1647,88914880,1159332
2324,global-fishery-catch-by-sector,StackedArea,bdba691bb7c75f4d889478c851f4d074,global-fishery-catch-by-sector_v5_850x600.svg,8,210,216069456,10146
4685,global-land-use-since-10000bc,StackedArea,a7ec6bfdc204c00564e3a5030ee1f439,global-land-use-since-10000bc_v8_850x600.svg,46,175,68843784,22587
5905,countries-democratizing-autocratizing-countries-ert,StackedArea,42a545bc670f55d53c6d1b70d49fa092,countries-democratizing-autocratizing-countries-ert_v75_850x600.svg,196,239,74726208,68279
5139,above-or-below-extreme-poverty-line-world-bank,StackedArea,143bbad11fcf6ab2c8910f3540ce4509,above-or-below-extreme-poverty-line-world-bank_v29_850x600.svg,254,434,72889904,149342
6313,electricity-source-wb-stacked,StackedArea,10f4d1e6c624b09c32ca342820f72e40,electricity-source-wb-stacked_v4_850x600.svg,1037,1327,83168784,808596
4676,land-use-for-vegetable-oil-crops,StackedArea,2c30a43c782b38668f239d8ebb159336,land-use-for-vegetable-oil-crops_v7_850x600.svg,2348,2429,106302520,2211881
2771,number-of-deaths-from-tuberculosis-by-world-region,StackedArea,5a5d30f80b59c8a203387d07238bffba,number-of-deaths-from-tuberculosis-by-world-region_v16_850x600.svg,241,504,69001288,191726
2543,ozone-depleting-substance-consumption,StackedArea,edab61e59138ef1a934fb0df34af7386,ozone-depleting-substance-consumption_v14_850x600.svg,1228,1279,92068640,904933
2785,coffee-production-by-region,StackedArea,4569b608bd273445bf6214c11e13653e,coffee-production-by-region_v8_850x600.svg,140,264,164682248,215221
1751,respiratory-disease-deaths-by-age,StackedArea,f6ef6c11930e01eef1ac3b81cb8de67c,respiratory-disease-deaths-by-age_v14_850x600.svg,1331,1436,89803480,937847
269,revenues-for-public-schools-by-source-gdp-us,StackedArea,9ab7f12b0a458dd57be34baf49c67031,revenues-for-public-schools-by-source-gdp-us_v5_850x600.svg,7,208,161907008,7982
3260,aviation-accidents-by-flight-phase,StackedArea,8c165a0528775550d7f95a918a8b9520,aviation-accidents-by-flight-phase_v2_850x600.svg,12,93,70125816,10438
7096,hepatitis-c-total-number-of-deaths-by-age-group,StackedArea,9974c4a215db253952edf846baa25d10,hepatitis-c-total-number-of-deaths-by-age-group_v5_850x600.svg,715,745,176463472,1166616
1361,natural-gas-production-by-region-terawatt-hours-twh,StackedArea,460048548cecb5d66e19a1d7a72f0fdb,natural-gas-production-by-region-terawatt-hours-twh_v17_850x600.svg,15,125,76066888,117999
692,the-long-term-energy-transition-in-europe,StackedArea,cfb6ee4adc6494363db63568840fcd56,the-long-term-energy-transition-in-europe_v4_850x600.svg,7,34,78962744,2072
2379,sanitation-facilities-coverage-in-urban-areas,StackedArea,b69d2a3abb2716ca9d244e15cc7cdd81,sanitation-facilities-coverage-in-urban-areas_v3_850x600.svg,520,554,92564328,406469
205,us-healthcare-expenditure,StackedArea,321c91d1849dc20e563aeb0ea7792ea9,us-healthcare-expenditure_v3_850x600.svg,274,370,74182104,1303
6518,deaths-from-drug-use-disorders-by-age-who,StackedArea,b681021896ef9181f927ed9482754ee3,deaths-from-drug-use-disorders-by-age-who_v32_850x600.svg,726,767,75617872,537290
5993,income-share-distribution-before-tax-wid,StackedArea,258520939bef3672d56e8f489083d172,income-share-distribution-before-tax-wid_v45_850x600.svg,630,703,187391192,546511
1359,coal-production-by-region,StackedArea,ff3a7ddddfe7ce9ebbbd000cc9aaa05c,coal-production-by-region_v16_850x600.svg,255,356,71495960,75385
5704,people-living-in-long-standing-democracies-womsuffr-bmr,StackedArea,d0a97c8ec03a09f0e98704492f4a3247,people-living-in-long-standing-democracies-womsuffr-bmr_v59_850x600.svg,221,327,74135496,315326
1734,road-incident-deaths-by-age,StackedArea,c3171f194500a1a6f7f2713ca1a8d2dc,road-incident-deaths-by-age_v17_850x600.svg,480,523,93496800,941509
1357,oil-consumption-by-region-terawatt-hours-twh,StackedArea,264d36dd1a816220b619e3985a7587c0,oil-consumption-by-region-terawatt-hours-twh_v20_850x600.svg,47,89,82883192,191969
2370,drinking-water-service-coverage,StackedArea,0c30332ca6b8c3018571274d3c86fdfc,drinking-water-service-coverage_v4_850x600.svg,242,283,86560536,442391
3915,deaths-substance-disorders-age,StackedArea,cc7449581de8cb81144e35c31d99d8a7,deaths-substance-disorders-age_v23_850x600.svg,460,509,83694472,909298
2030,deaths-from-substance-use-disorders,StackedArea,033c894da8106d2e223bb8eb52b2ea9e,deaths-from-substance-use-disorders_v29_850x600.svg,361,428,84435216,372166
6464,global-warming-by-gas-and-source,StackedArea,9b00577987e5bf85c04ed9cf20f33591,global-warming-by-gas-and-source_v4_850x600.svg,2691,2860,182346464,8289016
2498,merchandise-exports-by-destination,StackedArea,903b71f88d02ce18586e5f724e669161,merchandise-exports-by-destination_v4_850x600.svg,645,720,117836856,1749590
3747,number-of-tetanus-deaths-in-children-under-5,StackedArea,5b33a709d9fae465f1cb9fc3c0f591ff,number-of-tetanus-deaths-in-children-under-5_v19_850x600.svg,173,233,90163728,181814
3111,the-number-of-new-tetanus-infections-by-world-region,StackedArea,f2de94b3f75c43381eae546d8a9c4668,the-number-of-new-tetanus-infections-by-world-region_v26_850x600.svg,159,186,192106624,229863
383,total-population-living-in-extreme-poverty-by-world-region,StackedArea,c0c729cf43a077d0acdf65c2b3abff48,total-population-living-in-extreme-poverty-by-world-region_v41_850x600.svg,3,136,187890752,11309
3588,pneumonia-and-lower-respiratory-diseases-deaths,StackedArea,3fdaf915d8ada49171a1368a3b88b7ef,pneumonia-and-lower-respiratory-diseases-deaths_v33_850x600.svg,549,588,106125840,948728
4302,sub-energy-fossil-renewables-nuclear,StackedArea,e7fa0e2446016029ed43c49a802a9e97,sub-energy-fossil-renewables-nuclear_v18_850x600.svg,207,248,93213464,438716
4766,cumulative-co2-fuel,StackedArea,9053f1f933133e20f387bd8af3c44b86,cumulative-co2-fuel_v23_850x600.svg,1746,1803,167657272,3766249
4792,reconstruction-of-historical-global-extreme-poverty-rates-1820-2017-roser-and-hasell-2021-and-world-bank2020,StackedArea,da25f0e2b638ae2b8807115f61da30cb,reconstruction-of-historical-global-extreme-poverty-rates-1820-2017-roser-and-hasell-2021-and-world-bank2020_v8_850x600.svg,98,119,82405184,3965
2006,cancer-deaths-by-type-grouped,StackedArea,fb07df40ac1011bdfe57fef3540fba26,cancer-deaths-by-type-grouped_v5_850x600.svg,1252,1381,243331328,3033886
6694,people-same-sex-sexual-acts-legal,StackedArea,18bb5fdd6dd4f9fd782aafb0331d845f,people-same-sex-sexual-acts-legal_v24_850x600.svg,6,72,91173976,23665
1849,number-of-one-year-olds,StackedArea,a902bb83a3c45fd6f196b3a5fdbaf55c,number-of-one-year-olds_v12_850x600.svg,417,464,107052016,1088755
2294,hiv-funding-by-region,StackedArea,7736deca5fc1e66136d7dd5ced6fc35b,hiv-funding-by-region_v14_850x600.svg,3,28,98837472,3401
6406,active-mobile-money-accounts,StackedArea,94296c5ba2aae30bc3311c9620f32bde,active-mobile-money-accounts_v5_850x600.svg,2,36,92552664,2203
1072,fertilizer-production-by-nutrient-type-npk,StackedArea,7750113f6a898cf4a9cb02b26ffee6bf,fertilizer-production-by-nutrient-type-npk_v7_850x600.svg,246,306,100993760,562963
2869,maternal-deaths-by-cause,StackedArea,6f4e532ba12cd405f87d8553ae8291bb,maternal-deaths-by-cause_v17_850x600.svg,827,889,150754328,1817282
912,long-term-energy-transitions,StackedArea,6028196bd03485f49be115b1323a0a03,long-term-energy-transitions_v6_850x600.svg,316,406,115460256,384492
5042,historical-national-accounts-estimates-of-the-distribution-of-people-living-at-different-income-thresholds-globally,StackedArea,d986976e5e43cb894a91b91a2d2e39c4,historical-national-accounts-estimates-of-the-distribution-of-people-living-at-different-income-thresholds-globally_v3_850x600.svg,5,37,111707544,3353
3145,aid-received-fragility,StackedArea,12522ec81219c770be2643729dd23ade,aid-received-fragility_v7_850x600.svg,19,73,103068928,105157
5848,space-objects-by-orbit,StackedArea,839a5a37f13f1355bbbacb16658f1036,space-objects-by-orbit_v39_850x600.svg,4,61,108995880,13866
2400,food-expenditure-share-family-disposable-income,StackedArea,7fe6d123a7630547b6c6718b46938a28,food-expenditure-share-family-disposable-income_v6_850x600.svg,4,59,103734016,6234
1418,hydro-consumption-by-region,StackedArea,73c9d03d557ef0d354ad179962c78e52,hydro-consumption-by-region_v15_850x600.svg,24,67,105774808,174020
5679,countries-long-standing-liberal-democracies-row,StackedArea,fe845f0753575984cc46fbc77dca7c2f,countries-long-standing-liberal-democracies-row_v34_850x600.svg,73,226,118739968,342551
3121,undernourished-people-oecd,StackedArea,8113f64a88f7d1ce5150ae00a1028301,undernourished-people-oecd_v7_850x600.svg,17,37,100275952,55681
6695,countries-same-sex-sexual-acts-legal,StackedArea,ddd2b7a07cf703c90281947e141e9e94,countries-same-sex-sexual-acts-legal_v31_850x600.svg,5,36,124554976,18938
2007,twentieth-century-of-deaths-us,StackedArea,fc1a3d5586a912d4a145577af146eb8f,twentieth-century-of-deaths-us_v11_850x600.svg,5,68,109788152,7958
4555,global-co2-emissions-fossil-land,StackedArea,07b64f4fa6dccceac59442f4c5689970,global-co2-emissions-fossil-land_v17_850x600.svg,1109,1421,167909392,2219044
1027,cereal-distribution-to-uses,StackedArea,72f6f8ffa5bf83e6e4836e5eec9a6178,cereal-distribution-to-uses_v15_850x600.svg,504,579,115999504,1133267
5822,people-living-in-democracies-autocracies-bti,StackedArea,fed67bad5a67d883bf7914228160cef5,people-living-in-democracies-autocracies-bti_v59_850x600.svg,6,44,113668920,12550
2499,merchandise-exports-by-continent,StackedArea,bd1a1d0a77486b0e00d102eba4b01a3f,merchandise-exports-by-continent_v13_850x600.svg,1190,1337,159952048,3011193
5677,countries-long-standing-electoral-democracies,StackedArea,6d4aa8dc067180264ec57c9432f19305,countries-long-standing-electoral-democracies_v30_850x600.svg,274,321,166625360,299920
529,death-rate-by-source-from-air-pollution,StackedArea,191d513decd5ddd4d63a7fc52edf2315,death-rate-by-source-from-air-pollution_v22_850x600.svg,428,476,254529936,693199
3746,tetanus-deaths-by-region,StackedArea,3cec226fc192b2b23bb6fd9e4d9f657b,tetanus-deaths-by-region_v20_850x600.svg,21,124,169408104,183170
5683,people-living-in-long-standing-democracies-bmr,StackedArea,d64b01f28cbb03957ff151b3be3eaec1,people-living-in-long-standing-democracies-bmr_v53_850x600.svg,310,398,128224648,321903
985,land-use-over-the-long-term,StackedArea,e6874fea8c882bb960e60b9405164d78,land-use-over-the-long-term_v6_850x600.svg,21,169,166732064,98707
1029,seafood-and-fish-production-thousand-tonnes,StackedArea,6e80661529528fef8f7daaa720cc6cb9,seafood-and-fish-production-thousand-tonnes_v11_850x600.svg,1079,1160,206572504,2150151
949,cereal-land-spared,StackedArea,e789ef2e92193e526a9003ea09655061,cereal-land-spared_v8_850x600.svg,9,61,252624296,34562
4590,forest-area-primary-planted,StackedArea,cbd6e6cb6eb869be4c5c80f4ca34c494,forest-area-primary-planted_v14_850x600.svg,209,287,179540192,499275
1426,world-population-supported-by-synthetic-nitrogen-fertilizers,StackedArea,79ffd71014f8b30bd7e46aca90383e9d,world-population-supported-by-synthetic-nitrogen-fertilizers_v3_850x600.svg,3,33,259741080,1500
2401,food-expenditure-per-person,StackedArea,f0ad14b7ee480da45984d39d8efbe1b0,food-expenditure-per-person_v11_850x600.svg,6,69,255493368,4445
2895,global-plastic-fate,StackedArea,02091cadf52e327aa0dd10dbfc73f587,global-plastic-fate_v3_850x600.svg,6,38,134894488,3327
6400,people-living-in-countries-with-universal-suffrage,StackedArea,7f7e921184ea301cb29524c6be8f4107,people-living-in-countries-with-universal-suffrage_v30_850x600.svg,64,115,254753792,192924
6858,deaths-substance-disorders-age-who,StackedArea,624b891fa92453332ff50e8b58ed0d43,deaths-substance-disorders-age-who_v24_850x600.svg,225,259,129815432,543399
2295,resource-needs-to-meet-hiv-targets,StackedArea,8781fefde7f105f628fcb364692ba971,resource-needs-to-meet-hiv-targets_v1_850x600.svg,3,43,178883960,3154
5847,low-earth-orbits-objects,StackedArea,d0ceee0c5adceb17b01d5ffeabf283bd,low-earth-orbits-objects_v49_850x600.svg,3,67,175672872,13866
6671,countries-marriage-same-sex-partners,StackedArea,3b64239bf3d6c239b6af73d22a5578c6,countries-marriage-same-sex-partners_v27_850x600.svg,7,27,263347624,18782
1030,per-capita-meat-consumption-by-type-kilograms-per-year,StackedArea,e7475c38401bde3d49c84fcccf55b166,per-capita-meat-consumption-by-type-kilograms-per-year_v13_850x600.svg,900,984,206732064,2033447
1202,the-number-of-reported-paralytic-polio-cases-by-world-region,StackedArea,0bec69b70be05ee7a17df6f95dd730bd,the-number-of-reported-paralytic-polio-cases-by-world-region_v10_850x600.svg,84,136,265574984,201151
395,number-of-children-5-14-years-in-employment,StackedArea,0ce4fdac0944d257627d64a971ce86d1,number-of-children-5-14-years-in-employment_v1_850x600.svg,3,53,161052296,389
2214,disease-burden-from-communicable-diseases-by-age,StackedArea,21c12fc4f510d90c1f331956c1d61713,disease-burden-from-communicable-diseases-by-age_v14_850x600.svg,570,642,156089704,1127697
2026,number-of-estimated-paralytic-polio-cases-by-world-region,StackedArea,a95db2e7c3048fdabdaa8d453434a99f,number-of-estimated-paralytic-polio-cases-by-world-region_v33_850x600.svg,58,125,165838168,197735
5832,people-living-in-democracies-nondemocracies-eiu,StackedArea,0daaaf87ca863d64442a2d81e3913480,people-living-in-democracies-nondemocracies-eiu_v56_850x600.svg,6,129,191718864,17546
3335,age-dependency-breakdown,StackedArea,bf97ec8ad4df5c73b0e8dbf5b27b6ac8,age-dependency-breakdown_v14_850x600.svg,695,817,289089968,1062857
303,world-pop-by-political-regime,StackedArea,c7f87645b5019d856ab4ad18f56bf3ee,world-pop-by-political-regime_v15_850x600.svg,18,128,166455584,40764
1409,wind-energy-consumption-by-region,StackedArea,e78da8fb5a5b45137753be8ef0ad5270,wind-energy-consumption-by-region_v15_850x600.svg,72,170,166439112,139374
1294,annual-number-of-deaths-by-world-region,StackedArea,bdcb155c88e891c2259eedf56fa7681e,annual-number-of-deaths-by-world-region_v21_850x600.svg,162,200,200570328,543662
758,share-of-women-defined-as-underweight-healthy-overweight-or-obese,StackedArea,55f8f898caee0a6fa24da1afae30d0b9,share-of-women-defined-as-underweight-healthy-overweight-or-obese_v5_850x600.svg,385,496,172182328,678217
4520,households-actual-and-imputed-rent-as-share-of-gdp-oecd,StackedArea,2bb090a124182aa42fcd527ef412c839,households-actual-and-imputed-rent-as-share-of-gdp-oecd_v8_850x600.svg,33,108,164195512,82636
3361,global-number-of-missing-women,StackedArea,ffa9c1321f19bf1a44fdd9ef58ca0348,global-number-of-missing-women_v10_850x600.svg,3,29,186629680,2346
2086,fish-stocks-within-sustainable-levels,StackedArea,2e205f8a32015b994a5bd53c01e2b7a7,fish-stocks-within-sustainable-levels_v25_850x600.svg,7,156,196252440,13239
96,nuclear-warhead-stockpiles,StackedArea,eb1425871cef8eb6f7f9ad3594165c23,nuclear-warhead-stockpiles_v53_850x600.svg,4,135,164659992,23389
332,tax-revenues-by-source-gdp-LA,StackedArea,8f1a964e5be45fcf9cbd1baa00ed6721,tax-revenues-by-source-gdp-LA_v2_850x600.svg,9,74,205743552,22240
6410,countries-with-woman-chief-executive,StackedArea,3e0209c2ec7d2a23e9223b905e08428f,countries-with-woman-chief-executive_v33_850x600.svg,62,156,211208776,86616
1407,renewable-energy-consumption,StackedArea,e0b44cbff5c6670ab465de2dbf7d3147,renewable-energy-consumption_v16_850x600.svg,8,87,192815072,14301
6417,people-living-in-countries-with-woman-chief-executive,StackedArea,264e637e47f62ad3b28fac3f2824607c,people-living-in-countries-with-woman-chief-executive_v37_850x600.svg,57,217,170622960,146545
4340,debt-as-a-percentage-of-gdp-in-the-us,StackedArea,83546d2155b74fb0015f9a116da53f6b,debt-as-a-percentage-of-gdp-in-the-us_v5_850x600.svg,7,40,155851760,10829
3750,number-of-new-tetanus-cases-in-children-under-5,StackedArea,3043cefbf8b597956400c20935d543e9,number-of-new-tetanus-cases-in-children-under-5_v15_850x600.svg,26,51,193367776,234759
2212,disease-burden-from-communicable-diseases,StackedArea,cc5f11b8617a5e2ed39184a6de9f70b2,disease-burden-from-communicable-diseases_v16_850x600.svg,767,835,181285744,1791762
3596,deaths-from-air-pollution,StackedArea,ad88f17fe64aa7dc51bc1d289277c897,deaths-from-air-pollution_v14_850x600.svg,293,327,216973904,689625
1804,malaria-deaths-by-age,StackedArea,84bb3badc461f21b7862699ac906146a,malaria-deaths-by-age_v23_850x600.svg,429,491,192985136,910641
2649,alcohol-expenditure,StackedArea,6366662d1cbe44d29f79a2c13f76f601,alcohol-expenditure_v6_850x600.svg,8,73,167901752,16623
2823,co2-income-level,StackedArea,6b7797ef57cb217112b647b21c416cba,co2-income-level_v14_850x600.svg,72,105,192322432,179939
5834,countries-democracies-nondemocracies-eiu,StackedArea,da770848105ec16cbe3bfb2326fec350,countries-democracies-nondemocracies-eiu_v47_850x600.svg,6,37,282564160,11310
3591,maternal-deaths-by-income-group,StackedArea,720070b29bde9316e894accbe5263523,maternal-deaths-by-income-group_v9_850x600.svg,23,105,207847992,97960
2215,disease-burden-from-injuries,StackedArea,1ccc8e7ad04247cd349763227344e2a1,disease-burden-from-injuries_v15_850x600.svg,925,974,318711496,2188582
1464,deaths-from-household-and-outdoor-air-pollution,StackedArea,4a761f54c1bd6e7b2bcf1abd785b5b73,deaths-from-household-and-outdoor-air-pollution_v9_850x600.svg,256,284,173324200,458854
2824,population-by-income-level,StackedArea,677e3b65dc917a276706a17e1c64cf2f,population-by-income-level_v14_850x600.svg,131,215,196371304,454102
3137,share-of-service-in-total-exports,StackedArea,c2b1ba08b4e7b0e56feaa195bcd0a777,share-of-service-in-total-exports_v10_850x600.svg,241,266,216745256,532617
3598,capture-and-aquaculture-production,StackedArea,91fc6f5408815e174d77fae5126a5ac5,capture-and-aquaculture-production_v17_850x600.svg,403,452,225127464,774140
1455,household-air-pollution-deaths-by-region,StackedArea,06db00ad7c42ebf5871537f2417339ff,household-air-pollution-deaths-by-region_v18_850x600.svg,41,92,196881552,229733
4785,covid-vaccine-doses-by-manufacturer,StackedArea,04a9e0eec0e01d4266a975e66da3c1be,covid-vaccine-doses-by-manufacturer_v1128_850x600.svg,3017,3307,206169200,6194641
5802,people-living-in-long-standing-democracies-polity,StackedArea,18d263b017e4e253b93e6f30b2d8c7c3,people-living-in-long-standing-democracies-polity_v58_850x600.svg,132,284,195367968,364214
6416,people-living-in-countries-with-woman-head-of-state,StackedArea,ec547eec829e7d2379b12c909b14ff3b,people-living-in-countries-with-woman-head-of-state_v42_850x600.svg,81,205,216917528,148410
1401,biofuels-production-by-region,StackedArea,98b67b4fbf2ccfbe315ee23063ce059d,biofuels-production-by-region_v13_850x600.svg,5,68,194907448,38175
757,men-weight-categories,StackedArea,970c5a6f70fb9768a684902b8560fef2,men-weight-categories_v5_850x600.svg,314,354,202996600,677976
6411,countries-with-woman-head-of-state,StackedArea,a4eb4f6aff2c9ee9e1b399b4746a0558,countries-with-woman-head-of-state_v37_850x600.svg,19,103,220809928,86625
3155,number-of-out-of-school-children,StackedArea,5de3ac80a410c5e4f354c95410c12d53,number-of-out-of-school-children_v15_850x600.svg,99,162,189796032,172017
554,international-tourist-trips-by-destination-region,StackedArea,63725336cce10b65dca220c3cedaebca,international-tourist-trips-by-destination-region_v23_850x600.svg,3,22,202915872,7023
1261,global-fossil-fuel-consumption,StackedArea,5314565fc5c59f967a19511ccadf079c,global-fossil-fuel-consumption_v13_850x600.svg,5,65,233709680,7435
2848,distribution-of-bilateral-and-unilateral-trade-partnerships,StackedArea,2548709a636967d81aae6ddf85d0d211,distribution-of-bilateral-and-unilateral-trade-partnerships_v18_850x600.svg,4,80,199486656,5830
2106,cases-of-killed-human-rights-defenders-journalists-trade-unionists,StackedArea,93c17fd9c47a9ed14c3bdad8a34ad674,cases-of-killed-human-rights-defenders-journalists-trade-unionists_v28_850x600.svg,3,133,225984096,2978
3823,deaths-due-to-illicit-drug-use-by-age,StackedArea,0bbcfa114eccb6d50ab2c5faada48c6a,deaths-due-to-illicit-drug-use-by-age_v22_850x600.svg,385,480,246271320,1125332
1748,malnutrition-deaths-by-age,StackedArea,7212b288c9351d5c94d24229a3181600,malnutrition-deaths-by-age_v18_850x600.svg,449,493,218603056,917059
3824,deaths-from-tobacco-smoking-by-age,StackedArea,cf51bb2afe18c7d67014b221e5322150,deaths-from-tobacco-smoking-by-age_v12_850x600.svg,428,456,246672992,1151037
421,child-deaths-igme-data,StackedArea,5b0b0c5ec7d9a5d5e5e28fb3675cd3fc,child-deaths-igme-data_v23_850x600.svg,23,77,193348488,307817
277,average-oecd-education-expenditure-by-source-of-funding-gdp,StackedArea,f8442f48ddc867e80a9a5a6b6167b23e,average-oecd-education-expenditure-by-source-of-funding-gdp_v4_850x600.svg,2,51,210618000,557
5776,people-living-in-long-standing-electoral-democracies-lexical,StackedArea,0eb5a5f45bb6c7d9f49307c752deafd8,people-living-in-long-standing-electoral-democracies-lexical_v53_850x600.svg,258,380,219872728,546810
2761,reported-number-of-smallpox-infections-by-world-region,StackedArea,2e467f1d0ccf4ded4bb0e6a12d463215,reported-number-of-smallpox-infections-by-world-region_v4_850x600.svg,13,54,190953944,112462
2766,cocoa-beans-production-by-region,StackedArea,42621b6dc39649caaa7aaa3cdedf3ccc,cocoa-beans-production-by-region_v8_850x600.svg,19,78,190542704,163080
2792,rice-production-by-region,StackedArea,19ea3f5f87a391f01c6db6d89d79d765,rice-production-by-region_v7_850x600.svg,188,285,66269328,307987
2369,drinking-water-services-coverage-urban,StackedArea,46a52480d399bc2045af60838b101915,drinking-water-services-coverage-urban_v5_850x600.svg,124,155,188601288,375277
3284,per-capita-meat-eu28,StackedArea,e9ae189fae72bb3db169dde5de07d146,per-capita-meat-eu28_v4_850x600.svg,3,54,254258560,4492
3270,coal-uk-opencast-deep-mine,StackedArea,6c60c08d9a1c459c13a659e355e0e965,coal-uk-opencast-deep-mine_v6_850x600.svg,5,47,216219504,6309
7081,h5n1-flu-reported-cases,StackedArea,b9a97410bc187c6db92c150d69c7e202,h5n1-flu-reported-cases_v15_850x600.svg,30,131,255886128,233919
3283,per-capita-meat-usa,StackedArea,953bab1ccd1af944baf24101f70bf315,per-capita-meat-usa_v3_850x600.svg,10,63,69900776,4768
1529,number-of-teachers-across-education-levels,StackedArea,221af04c131900d7e0a1f0295e8545ba,number-of-teachers-across-education-levels_v7_850x600.svg,412,508,231666688,662669
6733,countries-third-gender-recognized,StackedArea,12f095e51b38e286f1f633872c8882ab,countries-third-gender-recognized_v34_850x600.svg,6,57,244882072,18761
6995,suicide-and-non-suicide-terrorist-attacks,StackedArea,ec3022e05cf7b5a624c832c1e0fbdb30,suicide-and-non-suicide-terrorist-attacks_v10_850x600.svg,357,414,191436168,544664
1378,fossil-fuel-consumption-by-fuel-type,StackedArea,19afede8a592c11dcbdb35e3faefb937,fossil-fuel-consumption-by-fuel-type_v19_850x600.svg,235,298,217651704,546290
2199,disease-burden-by-age,StackedArea,ac90436ab2c93b89c919c2ab86e1ed1f,disease-burden-by-age_v17_850x600.svg,662,909,88851632,1154131
6196,deaths-by-age-group,StackedArea,6f58f8590f114c92d0b3d6f8125c6c75,deaths-by-age-group_v15_850x600.svg,2146,2268,331830792,5630670
4097,daily-covid-deaths-region,StackedArea,8cf909a3a336a2ace0943aafbb397fdb,daily-covid-deaths-region_v3093_850x600.svg,2873,3439,202485440,9025895
2394,number-with-adhd,StackedArea,0448dc81cb08a491c8a661eb6ecfa903,number-with-adhd_v17_850x600.svg,211,244,226447872,457573
6734,people-third-gender-recognized,StackedArea,a1d283d599b9eeecabbf3a3cf444f253,people-third-gender-recognized_v28_850x600.svg,7,45,200802952,21822
1347,out-of-school-girls-of-primary-school-age-by-world-region,StackedArea,35a66c9563f3951fc5efe27cde80f810,out-of-school-girls-of-primary-school-age-by-world-region_v16_850x600.svg,24,121,237496312,119120
3473,terrorist-attacks-by-region,StackedArea,201e3b969f457204eaff221a524ef485,terrorist-attacks-by-region_v22_850x600.svg,71,147,197213224,273881
1740,suicide-deaths-by-age,StackedArea,eecb8b11f55d28a41f24fc43bde19df9,suicide-deaths-by-age_v37_850x600.svg,549,616,245044080,747025
5770,countries-long-standing-electoral-democracies-lexical,StackedArea,270f5bee84ccfba869022d33fb9d1fd0,countries-long-standing-electoral-democracies-lexical_v39_850x600.svg,450,593,243977912,470946
2767,number-of-deaths-from-rabies-by-world-region,StackedArea,b6347cbad372041de819f7f1a5eeb8e0,number-of-deaths-from-rabies-by-world-region_v17_850x600.svg,111,246,198150952,180541
5777,people-living-in-long-standing-polyarchies-lexical,StackedArea,27e5dae4d58b58e9ed59c3b89981147f,people-living-in-long-standing-polyarchies-lexical_v59_850x600.svg,302,489,214361488,546607
3010,extreme-poverty-region-2030,StackedArea,fd0c7857ffa620e868abe739b6af7621,extreme-poverty-region-2030_v8_850x600.svg,265,299,80343088,101509
1127,fruit-consumption-by-fruit-type,StackedArea,7afee5276e7c46068211e186f7fde419,fruit-consumption-by-fruit-type_v8_850x600.svg,1665,1798,148319392,4120638
3825,deaths-from-acute-hepatitis-by-age,StackedArea,d4a11e0afedd5cad75a125eafcb9fae7,deaths-from-acute-hepatitis-by-age_v13_850x600.svg,375,493,265525992,906256
3677,deaths-from-obesity-by-age,StackedArea,07cae9e4692c2e414c2c5e77062e1a5b,deaths-from-obesity-by-age_v19_850x600.svg,469,506,257048040,1165702
3822,deaths-from-whooping-cough-by-age,StackedArea,92e37f54f1ce7d9a48181948c3f9f3ad,deaths-from-whooping-cough-by-age_v12_850x600.svg,347,369,218013688,722029
427,number-of-homeless-people-by-shelter-status,StackedArea,a1eedafdfda4fd8869ed4a4edb14db13,number-of-homeless-people-by-shelter-status_v5_850x600.svg,2,55,214709008,714
2153,number-with-drug-disorders-by-substance,StackedArea,f1a2a9bb4dedeead9eaa9fccf7db0534,number-with-drug-disorders-by-substance_v20_850x600.svg,380,514,72373232,1145093
4096,cumulative-covid-deaths-region,StackedArea,c9fd562036d8827f1598a86d79d99c08,cumulative-covid-deaths-region_v3093_850x600.svg,2086,2566,186808392,7834718
6993,deaths-from-suicide-and-non-suicide-terrorist-attacks,StackedArea,f591051221b966751ce1c304c28d226d,deaths-from-suicide-and-non-suicide-terrorist-attacks_v14_850x600.svg,246,282,233159424,545239
7089,hepatitis-b-number-of-deaths,map,393665dd4cb22be2f71e3309196b75c0,hepatitis-b-number-of-deaths_v9_850x600.svg,54,444,248557832,229379
1725,deaths-from-diarrheal-diseases-by-age,StackedArea,769ae8710ac3a7c48e7357da09fd0528,deaths-from-diarrheal-diseases-by-age_v22_850x600.svg,667,726,92080600,930393
4098,daily-cases-covid-region,StackedArea,0bd5f1e572ba2556f262801772a41eed,daily-cases-covid-region_v3102_850x600.svg,2234,2704,239321160,9583830
1713,cancer-deaths-by-age,StackedArea,9105bee32390891c2fb70cafffc199e0,cancer-deaths-by-age_v18_850x600.svg,548,652,204416048,959070
2196,total-disease-burden-by-cause,StackedArea,65950217578e562d23cec4337b34bc6d,total-disease-burden-by-cause_v18_850x600.svg,554,719,75444888,697143
3612,tuberculosis-deaths-region,StackedArea,7987394639f9a467aa4df7f7e14a650d,tuberculosis-deaths-region_v13_850x600.svg,283,353,142470496,191726
3043,estimated-lifetime-hours-of-work-and-leisure,StackedArea,5dfaa23da693c78b6b5537b946e91aa0,estimated-lifetime-hours-of-work-and-leisure_v8_850x600.svg,5,96,211415472,448
3271,primary-energy-mix-uk,StackedArea,abde005779f58f112423cef5b7d318ef,primary-energy-mix-uk_v3_850x600.svg,10,79,92766688,9191
648,energy-consumption-by-source-and-country,StackedArea,9d8f08c6e9a8a13cbf101d380e89a14e,energy-consumption-by-source-and-country_v38_850x600.svg,633,690,119157760,1392501
2501,share-of-world-merchandise-trade-by-type-of-trade,StackedArea,7d5e49ef2b1d8d572c2dad913fbc0e7f,share-of-world-merchandise-trade-by-type-of-trade_v8_850x600.svg,9,111,213296816,25893
5998,income-shares-by-quintile-pip,StackedArea,3f7aa4b2e0e6fd13139a22cae288d260,income-shares-by-quintile-pip_v27_850x600.svg,245,334,218625808,442512
2147,age-standardized-death-rate-by-cause,StackedArea,61246301730fa732d08dc0849b997ea0,age-standardized-death-rate-by-cause_v20_850x600.svg,414,456,151774520,622185
1399,modern-renewable-energy-consumption,StackedArea,9640b945715bfb85696d11af4145ba17,modern-renewable-energy-consumption_v23_850x600.svg,427,539,79011448,602072
5701,democracies-autocracies-amb-row,StackedArea,f735c513705a8fafdeccc83da1462c56,democracies-autocracies-amb-row_v47_850x600.svg,173,280,207070928,427757
1731,fire-deaths-by-age,StackedArea,c153c9a9eec714d9fe76eaa8a93956b5,fire-deaths-by-age_v17_850x600.svg,320,359,238547304,917545
6514,homicides-by-sex-of-the-victim,StackedArea,ef146746d7b5130ec28587482f0ac01c,homicides-by-sex-of-the-victim_v10_850x600.svg,54,70,157293216,157793
236,world-population-in-extreme-poverty-absolute,StackedArea,323a63bda4d9609fb55d6a738a7e3c37,world-population-in-extreme-poverty-absolute_v19_850x600.svg,4,46,118405968,1870
6380,countries-by-share-of-women-in-parliament,StackedArea,147cb7e5174832972ac0b5ed4642af14,countries-by-share-of-women-in-parliament_v27_850x600.svg,76,125,155160848,157971
1397,fossil-fuel-production-over-the-long-term,StackedArea,19184c357fcd91e62c0b12ea27612769,fossil-fuel-production-over-the-long-term_v3_850x600.svg,263,394,214035536,633563
7094,hepatitis-b-deaths-by-type-of-disease,StackedArea,200dae4109d95a949d7525b81b1c06da,hepatitis-b-deaths-by-type-of-disease_v6_850x600.svg,218,289,125057512,690497
5962,number-of-people-living-in-extreme-poverty-by-region-cbn,StackedArea,19409e391bbb689a99d234cc3b8026d0,number-of-people-living-in-extreme-poverty-by-region-cbn_v21_850x600.svg,6,117,164714816,61877
5708,countries-long-standing-democracies-womsuffr-bmr,StackedArea,926b2f3e00c13a2cd7f89928feeb93f4,countries-long-standing-democracies-womsuffr-bmr_v46_850x600.svg,81,151,239357304,232158
7093,hepatitis-c-deaths-by-type-of-disease,StackedArea,62a5c3dd884cb07c543ab46eeb6a58f9,hepatitis-c-deaths-by-type-of-disease_v4_850x600.svg,426,497,83967168,692971
3601,air-pollution-deaths-by-age,StackedArea,f0a1336f12fa6235b211b3245c043ccd,air-pollution-deaths-by-age_v15_850x600.svg,482,562,181730088,1151022
1532,freshwater-use-by-aggregated-region,StackedArea,680dcc2da9ad2783ec42d7a8f6a2c987,freshwater-use-by-aggregated-region_v2_850x600.svg,3,114,248528936,17067
6525,deaths-amphetamine-overdoses-by-sex,StackedArea,18034b73e0061f3b42e3ee99e7b36a60,deaths-amphetamine-overdoses-by-sex_v8_850x600.svg,108,134,134720640,217058
5166,girls-and-boys-of-primary-school-age-who-are-out-of-school,StackedArea,f307ad80e86f7d6e5f75b1f235f72952,girls-and-boys-of-primary-school-age-who-are-out-of-school_v10_850x600.svg,117,155,216166400,238108
6989,breakdown-habitable-land,StackedArea,f00feb22a393bfd6f69bbef562a92886,breakdown-habitable-land_v3_850x600.svg,506,543,263991088,1104279
1390,fossil-fuel-consumption-per-capita,StackedArea,f58c49eeea5867fd2590c986bf595f9d,fossil-fuel-consumption-per-capita_v21_850x600.svg,205,248,184615384,465621
2986,urban-and-rural-population-stacked,StackedArea,c2f1cd7a8c8fdc5435db107693ae60fc,urban-and-rural-population-stacked_v6_850x600.svg,511,554,143376576,1149211
1102,total-agricultural-area-over-the-long-term,StackedArea,b6ebddfa4c5b46f3612039427830a591,total-agricultural-area-over-the-long-term_v6_850x600.svg,4,35,215236400,34410
1754,cardiovascular-disease-deaths-by-age,StackedArea,67e80d9abf8b7a447c6b0226397f4c3a,cardiovascular-disease-deaths-by-age_v21_850x600.svg,471,497,231647520,959555
298,Children-woman-death-vs-survival,StackedArea,deb4a88649c2195bf2c1e040e67f3679,Children-woman-death-vs-survival_v10_850x600.svg,423,531,77507552,826984
2317,number-of-reported-road-incidents,StackedArea,f62253bbf26bbbee83133d7a701c5de6,number-of-reported-road-incidents_v3_850x600.svg,3,48,184019632,3869
5132,wild-fish-allocation,StackedArea,defa63ce8583ee7909780c385fa7d2de,wild-fish-allocation_v7_850x600.svg,330,376,202240880,1150019
3807,number-outdoor-pollution-deaths-by-age,StackedArea,e4a3c01975f781a4668324cd0297a3ba,number-outdoor-pollution-deaths-by-age_v16_850x600.svg,309,338,197933440,1152490
2780,tea-production-by-region,StackedArea,88353e9abb0cb637118b01be3207d379,tea-production-by-region_v8_850x600.svg,10,29,262575024,68685
434,homeless-per-capita-us,StackedArea,2688764ec725d2da8ad3857ee1b68ea8,homeless-per-capita-us_v6_850x600.svg,3,36,270886216,704
5799,people-living-in-democracies-nondemocracies-polity,StackedArea,456a1271180c0de94ef14f53a509a246,people-living-in-democracies-nondemocracies-polity_v53_850x600.svg,45,135,153322816,194433
1339,number-of-enrolled-children-in-pre-primary-education,StackedArea,cad195c98c4f64acfc8ded5e17bbc8e5,number-of-enrolled-children-in-pre-primary-education_v11_850x600.svg,18,91,270009168,205161
5907,people-living-in-democratizing-autocratizing-countries-ert,StackedArea,fea57463bec68aaeb58dbaef2f80148d,people-living-in-democratizing-autocratizing-countries-ert_v70_850x600.svg,53,114,236821424,109574
6524,deaths-cocaine-overdoses-by-sex,StackedArea,76847e0a818a85704ed5159e50375e01,deaths-cocaine-overdoses-by-sex_v7_850x600.svg,93,146,203151880,216607
2987,urban-and-rural-population-2050,StackedArea,fd727849b81991c3a031e8b8cf065498,urban-and-rural-population-2050_v6_850x600.svg,843,886,271193160,1734029
3263,number-without-electricity-by-region,StackedArea,eb36c877265c0c0095e56589f9899a5e,number-without-electricity-by-region_v10_850x600.svg,23,84,205889904,208551
6523,deaths-drug-use-disorders-by-sex,StackedArea,8fb8115ff887a004ddc6ef454c6fae16,deaths-drug-use-disorders-by-sex_v9_850x600.svg,85,118,280835960,224782
7095,hepatitis-b-total-number-of-deaths-by-age-group,StackedArea,fee5bf95b4052d4c06ce6a078e02886b,hepatitis-b-total-number-of-deaths-by-age-group_v3_850x600.svg,425,454,172586592,1161374
1396,fossil-fuel-production-per-capita,StackedArea,cbc8758c396edc48dca8dc0cc25055f3,fossil-fuel-production-per-capita_v3_850x600.svg,190,270,87335080,605514
5352,egg-production-system,StackedArea,8042e825d79198a43de86f77ad2b37d9,egg-production-system_v8_850x600.svg,4,84,197940456,3417
2148,breakdown-of-child-mortality-by-cause,StackedArea,64909f07bc086c8871d77af6736955e9,breakdown-of-child-mortality-by-cause_v14_850x600.svg,247,361,216169696,620130
495,so-emissions-by-world-region-in-million-tonnes,StackedArea,db92c7a82c5051065cd09311973655ad,so-emissions-by-world-region-in-million-tonnes_v4_850x600.svg,2,85,279915552,3111
5707,countries-democracies-nondemocracies-womsuffr-bmr,StackedArea,a2c839c17bc15a661fd76ffca4801b9c,countries-democracies-nondemocracies-womsuffr-bmr_v39_850x600.svg,17,119,198455736,78158
1737,stroke-deaths-by-age,StackedArea,14591f1db108acf3f6894d258b131af7,stroke-deaths-by-age_v18_850x600.svg,437,466,300034312,945208
2380,sanitation-facilities-coverage-in-rural-areas,StackedArea,6bb706d6ff77fc7ed5efb2ad907f9b7f,sanitation-facilities-coverage-in-rural-areas_v4_850x600.svg,166,222,230384024,402619
5798,countries-democracies-nondemocracies-polity,StackedArea,7f04f505b5e78c41b42a37855c517a82,countries-democracies-nondemocracies-polity_v46_850x600.svg,64,167,201951616,115519
3830,deaths-from-diabetes-by-type,StackedArea,eefa1e55fc0b8cb543a1ea213b54493a,deaths-from-diabetes-by-type_v12_850x600.svg,244,303,69529888,381247
3468,countries-democracies-nondemocracies-bmr,StackedArea,0646f59e2e7f1552c9e3c0c67ee63a87,countries-democracies-nondemocracies-bmr_v30_850x600.svg,29,55,233776064,78102
2788,banana-production-by-region,StackedArea,36416ec86e57f84cfab303ec7dcf4885,banana-production-by-region_v7_850x600.svg,33,77,206542024,308412
607,social-expenditure-as-percentage-of-gdp,StackedArea,c9d9f48c3e31199d6ae0fa4cd30a054c,social-expenditure-as-percentage-of-gdp_v16_850x600.svg,21,70,218576872,77242
852,daily-caloric-supply-derived-from-carbohydrates-protein-and-fat,StackedArea,dd6459d4f0fcfb06bdd32368831f0817,daily-caloric-supply-derived-from-carbohydrates-protein-and-fat_v7_850x600.svg,575,610,191499808,1656195
1790,number-of-neonatal-deaths-by-region,StackedArea,5b1b940d3ca3f7668ca3f08063e76ee0,number-of-neonatal-deaths-by-region_v14_850x600.svg,43,172,238082176,269380
638,investment-in-renewable-energy-by-technology,StackedArea,3e05ebc21bed281254a734171a318707,investment-in-renewable-energy-by-technology_v6_850x600.svg,5,115,217985232,4109
864,dietary-compositions-by-commodity-group,StackedArea,28ce7995b0f9fb6b7202f51575702f97,dietary-compositions-by-commodity-group_v4_850x600.svg,1385,1550,266726432,4058010
404,relative-weight-of-two-forms-of-consumption-taxation,StackedArea,9c29d5109c6fc9f9c9db296500c70a69,relative-weight-of-two-forms-of-consumption-taxation_v3_850x600.svg,4,28,78207152,3157
863,dietary-composition-by-country,StackedArea,4b0f7aad5f71ed91b8e6deb5b1beddda,dietary-composition-by-country_v9_850x600.svg,3221,3284,431170864,9804807
5765,people-living-in-democracies-autocracies-lexical,StackedArea,7a2493584364ef030ab4c432b19903a1,people-living-in-democracies-autocracies-lexical_v51_850x600.svg,120,238,235979576,420578
2772,number-of-deaths-from-hivaids,StackedArea,110d82c7b142eef565ac737b3db735fd,number-of-deaths-from-hivaids_v23_850x600.svg,30,117,83634208,190017
79,population-breakdown-by-highest-level-of-education-achieved-for-those-aged-15-in,StackedArea,eece67800b69fe855e73481ebb917aa2,population-breakdown-by-highest-level-of-education-achieved-for-those-aged-15-in_v14_850x600.svg,79,108,236114112,293253
4964,electricity-mix-uk,StackedArea,18194e76c04ed03d2a703e3d5a81a137,electricity-mix-uk_v20_850x600.svg,17,63,261806992,25901
3974,global-meat-production,StackedArea,2bf0fad082bd38f16e2b01cb592b2045,global-meat-production_v9_850x600.svg,65,110,75086960,447266
6862,deaths-alcohol-drugs-by-sex-who,StackedArea,5ad44ea2d9bceae621aea58379be660c,deaths-alcohol-drugs-by-sex-who_v18_850x600.svg,59,85,247660792,233304
547,annual-co-emissions-by-region,StackedArea,d589a292deaed4b7efa53e0a6649a3be,annual-co-emissions-by-region_v42_850x600.svg,186,390,274336208,983195
4707,historical-share-of-population-living-on-less-than-5-per-day-roser-hasell,StackedArea,d9a5194fa7143c51b2fc479f217711f9,historical-share-of-population-living-on-less-than-5-per-day-roser-hasell_v16_850x600.svg,3,52,233956000,7615
2060,total-number-of-deaths-by-cause,StackedArea,34ec57a43112bbb0f9df3f0acc9ac3c5,total-number-of-deaths-by-cause_v28_850x600.svg,253,297,82680776,602291
6699,countries-joint-adoptions-same-sex-partners,StackedArea,e0782cda521f26139dce3a40d0bad9be,countries-joint-adoptions-same-sex-partners_v31_850x600.svg,7,29,231015824,18783
1013,global-meat-production-by-livestock-type,StackedArea,5e19f85ce00888a51fd43aaac5fcefc8,global-meat-production-by-livestock-type_v13_850x600.svg,950,1019,283409112,2148599
5681,countries-long-standing-democracies-bmr,StackedArea,856f409f29832b1627baf73e42c03fd1,countries-long-standing-democracies-bmr_v34_850x600.svg,120,215,238209528,232092
6460,warming-fossil-fuels-land-use,StackedArea,0a539d8f0d94f2651d91d4722709a2c4,warming-fossil-fuels-land-use_v5_850x600.svg,1315,1704,250301232,2980855
2808,distribution-of-global-merchandise-exports-by-region-of-origin,StackedArea,ca045ea09e09f3013f288a0c53ccd35f,distribution-of-global-merchandise-exports-by-region-of-origin_v5_850x600.svg,36,103,276650808,444133
5675,people-living-in-long-standing-liberal-democracies-row,StackedArea,cb4459d3ae97039eb471e6b6e87204b0,people-living-in-long-standing-liberal-democracies-row_v51_850x600.svg,194,285,94211480,410470
3318,alcohol-by-type-1890,StackedArea,b4acec9a4239f0d01a34e698ec9af46c,alcohol-by-type-1890_v5_850x600.svg,5,58,246558496,5239
3571,deaths-from-lower-respiratory-infections-by-age,StackedArea,9b30eead3e4ca0953c7bb3d637829056,deaths-from-lower-respiratory-infections-by-age_v14_850x600.svg,387,500,253767456,758234
3743,tetanus-deaths-by-age-group,StackedArea,a8761c9fc971211103d4392da28c9d09,tetanus-deaths-by-age-group_v17_850x600.svg,452,537,292205856,901708
2208,disease-burden-by-region,StackedArea,9c341d1d5570a0736fe5bbd37d27e1a7,disease-burden-by-region_v20_850x600.svg,64,195,75143520,236974
6809,monthly-co2-emissions-from-international-aviation,StackedArea,0f2e242185ad940e48594702ded8b4e3,monthly-co2-emissions-from-international-aviation_v26_850x600.svg,349,581,81791104,736782
3547,diarrheal-disease-death-rates-in-children-under-5,StackedArea,f73f3389107f53a652835da979179964,diarrheal-disease-death-rates-in-children-under-5_v26_850x600.svg,43,90,258931912,202371
4301,primary-energy-fossil-nuclear-renewables,StackedArea,9b6377e6411bb16de3424e58b0b19d6c,primary-energy-fossil-nuclear-renewables_v18_850x600.svg,245,290,303659984,439938
2492,hivaids-deaths-and-averted-due-to-art,StackedArea,861cb17c46e68de75718b557c7eed648,hivaids-deaths-and-averted-due-to-art_v18_850x600.svg,197,259,257472528,315004
1687,deaths-from-hiv-by-age,StackedArea,bd98bda36305499d9b493e8a70e7002e,deaths-from-hiv-by-age_v22_850x600.svg,607,668,292787824,920911
5620,deaths-from-malaria-by-age,StackedArea,7e1ab0eaed7e902f4f24d536be10801a,deaths-from-malaria-by-age_v12_850x600.svg,253,298,274127112,521917
2298,female-labor-force-by-age,StackedArea,5d51039e5564ca9e404ad50ec8c0413c,female-labor-force-by-age_v24_850x600.svg,984,1077,337045824,2151971
1070,pesticide-breakdown-by-type,StackedArea,2895ff8203758591057d809443506bf4,pesticide-breakdown-by-type_v9_850x600.svg,561,602,277863680,933273
1827,malaria-deaths-by-region,StackedArea,ad964d3d7c05c826931474bd5b827070,malaria-deaths-by-region_v22_850x600.svg,92,137,268753088,184602
2003,annual-deaths-by-age-england-and-wales,StackedArea,f7a5da1676d1149139cb018f6ea8dfc3,annual-deaths-by-age-england-and-wales_v9_850x600.svg,3,95,80902464,6301
1686,patents-usa-by-category,StackedArea,22d324193b927a5709e489737bb2144d,patents-usa-by-category_v16_850x600.svg,126,178,272394408,29674
2209,disease-burden-from-ncds,StackedArea,b914bf169a4c58a30599edd6e190271d,disease-burden-from-ncds_v16_850x600.svg,1095,1151,115457336,2720378
5483,near-earth-asteroids-discovered-over-time,StackedArea,6f1a8621c8d2cb009c0632572b75fa1b,near-earth-asteroids-discovered-over-time_v30_850x600.svg,3,59,291781688,2930
6450,ghg-emissions-by-gas,StackedArea,07486df1a396225aa8732ff54e0e06e8,ghg-emissions-by-gas_v6_850x600.svg,1348,1374,120420176,3834276
6654,ghg-emissions-by-world-region,StackedArea,f8196289303da6864f224251ee7beb6d,ghg-emissions-by-world-region_v2_850x600.svg,427,573,313752336,1243197
2200,healthy-life-expectancy-and-years-lived-with-disability,StackedArea,0d7f99650d53b801f966460696ce9546,healthy-life-expectancy-and-years-lived-with-disability_v6_850x600.svg,428,563,258587304,357160
5821,countries-democracies-autocracies-bti,StackedArea,a40689a280b6b254331c45be60211c76,countries-democracies-autocracies-bti_v45_850x600.svg,5,37,286049000,8560
6698,countries-age-of-consent-same-sex-partners-equal,StackedArea,3a8edb0248861bbd6369bdf0629d6c01,countries-age-of-consent-same-sex-partners-equal_v33_850x600.svg,13,110,285738800,18908
5674,people-living-in-long-standing-electoral-democracies-row,StackedArea,e4990e30eba63ca8dba532c47e2aec97,people-living-in-long-standing-electoral-democracies-row_v50_850x600.svg,258,332,292122560,369638
5680,people-living-in-democracies-nondemocracies-bmr,StackedArea,921f7d3d6319e9e9cf302f8e35ccced4,people-living-in-democracies-nondemocracies-bmr_v45_850x600.svg,141,179,335526744,148967
986,cropland-use-over-the-long-term,StackedArea,2705ffea2c8e4aa95de56714cd2a3db5,cropland-use-over-the-long-term_v7_850x600.svg,5,37,308056096,33948
